,A,B,C,D,E,F,G,H,I,J,K,L,M,N,O,P,Q,R,S,T,U
1980-12-31,1441,256,954,3855,6794,1157,3908,8929,7787,6927,3649,3173,5352,789,1339,3408,6512,3010,1897,1295,917
1981-01-31,1388,234,939,3499,6801,1170,3914,8831,7994,6588,3443,2875,5309,727,1402,3249,6108,3234,1887,1128,909
1981-02-28,1353,231,967,3141,6908,1170,3925,8618,7861,6179,3572,2667,5124,713,1481,3207,6291,2996,1919,1119,826
1981-03-31,1301,216,992,3128,6765,1220,3768,8743,7176,6235,3712,2733,4903,642,1518,3274,6114,3041,1977,1110,881
1981-04-30,1253,200,966,2792,6998,1228,3799,8197,6560,6222,3654,2630,4868,676,1549,3272,5991,3118,2104,1128,845
1981-05-31,1239,212,1000,2769,7146,1284,3923,8122,6602,6318,3669,2633,5431,689,1506,3325,6466,3239,2226,1172,856
1981-06-30,1233,201,1047,2710,7018,1338,3935,7806,6596,6256,3449,2657,5274,684,1494,3408,6268,3189,2242,1073,885
1981-07-31,1216,189,1018,2649,7080,1396,3838,8059,6213,6602,3745,2677,5730,735,1549,3343,6433,3224,2356,1086,858
1981-08-31,1284,192,1094,2576,7423,1398,3824,7936,6251,6624,3924,2759,6210,755,1655,3501,6712,3082,2391,1094,836
1981-09-30,1184,186,1087,2397,7486,1498,3853,8212,6093,6528,3841,2543,6174,719,1621,3500,6781,2934,2414,1149,781
1981-10-31,1104,184,1078,2436,7361,1503,3891,7983,5840,6536,3994,2687,6085,723,1715,3535,6753,2935,2222,1128,771
1981-11-30,1128,186,1044,2340,7398,1490,4082,7966,5695,6184,3694,2459,6344,745,1597,3630,6754,3018,2130,1143,763
1981-12-31,1085,178,1018,2255,7376,1489,4139,7526,5513,5994,3747,2504,6067,675,1644,3381,6751,2893,2042,1026,696
1982-01-31,1146,167,1050,2224,6997,1572,3884,7994,5473,6008,3767,2429,6071,703,1661,3413,6825,3160,2089,1066,691
1982-02-28,1095,175,1021,2146,7115,1623,3742,8242,5060,5641,3678,2179,5805,654,1742,3384,6882,2999,2055,1013,670
1982-03-31,1196,187,980,2107,7539,1661,3755,7980,5419,5823,3751,2155,5835,661,1742,3575,7444,2943,2133,1027,681
1982-04-30,1249,194,1049,2271,7997,1698,3848,7853,5466,5904,3683,2101,5996,613,1829,3488,7289,3073,2215,1044,711
1982-05-31,1285,202,1033,2194,8102,1760,4030,7984,5533,6065,3637,2054,6272,640,1900,3539,7348,3146,2307,1065,716
1982-06-30,1302,194,1069,2207,7615,1862,4269,8513,5567,6244,3889,1995,6265,625,1975,3385,7367,3204,2499,1113,780
1982-07-31,1338,193,1102,2278,7430,1872,4601,8425,5792,6625,4142,1934,6611,664,2063,3511,7551,3389,2611,1098,824
1982-08-31,1375,197,1095,2134,7523,1841,4795,7986,5745,6593,4147,1931,6692,636,2082,3638,7803,3583,2635,1050,787
1982-09-30,1287,186,1010,1985,7362,1938,4598,7339,5606,6379,4183,1860,6785,569,2102,3696,7168,3451,2573,1025,782
1982-10-31,1201,181,1032,1918,7038,1890,4487,7828,5155,6189,4097,1760,6698,575,2110,3827,7265,3332,2600,995,819
1982-11-30,1238,163,991,1840,6899,1853,4145,7341,4942,5656,3736,1573,6586,560,2087,3709,7411,3220,2511,986,816
1982-12-31,1204,162,997,1746,7164,1766,3861,7341,4695,5379,3706,1518,5998,562,2074,3814,7014,2898,2409,970,770
1983-01-31,1162,162,972,1726,6961,1803,3783,7078,4502,5172,3514,1482,5809,525,1869,3805,6949,2986,2380,977,758
1983-02-28,1145,163,948,1609,6877,1687,3572,7034,4425,4933,3627,1377,5921,533,1841,3826,6513,2984,2295,903,713
1983-03-31,1113,154,942,1590,6945,1701,3621,7012,4156,4992,3372,1285,5659,557,1866,3528,6883,3070,2216,938,683
1983-04-30,1139,152,925,1580,6965,1736,3750,7079,3948,5039,3364,1305,5541,550,1942,3526,6661,3019,2174,995,641
1983-05-31,1099,142,940,1620,6791,1828,3712,7277,3772,5004,3312,1283,5489,531,1855,3399,6880,3003,2249,1032,678
1983-06-30,1089,142,961,1731,6712,1757,3885,7073,3913,4648,3174,1325,5313,530,2053,3298,7304,3190,2276,1046,654
1983-07-31,1177,143,1042,1774,6439,1783,3739,6784,3915,4511,2972,1287,5368,513,1982,3266,7459,3198,2245,1030,667
1983-08-31,1120,140,1080,1650,6083,1795,3503,6299,3830,4594,2829,1249,5260,487,2025,3173,7336,3261,2066,986,614
1983-09-30,1185,143,1126,1704,6041,1865,3516,6306,3820,4890,2799,1194,5473,518,2073,3256,7219,3307,2010,1007,601
1983-10-31,1179,143,1129,1589,6515,1922,3525,6424,3939,4819,2777,1214,5734,480,2177,3356,7517,3447,2050,999,589
1983-11-30,1168,140,1161,1513,6435,1931,3564,6417,3994,5034,2823,1178,5900,497,2157,3280,7526,3524,1977,1023,603
1983-12-31,1170,134,1204,1487,6821,1954,3707,6045,3881,5109,2810,1149,5832,503,2209,3213,7937,3568,1946,1049,634
1984-01-31,1168,143,1223,1370,6651,1931,3700,5868,3778,5148,2882,1124,5841,518,2221,3166,8110,3656,1891,1097,646
1984-02-29,1148,150,1168,1223,6922,1885,3736,5735,3701,5123,2836,1102,5723,487,2153,2930,7584,3529,1777,1092,651
1984-03-31,1203,150,1184,1332,6600,1865,3954,5687,3744,5241,2794,1078,6212,500,2247,2976,7732,3677,1857,1077,661
1984-04-30,1202,154,1153,1302,6599,1893,4075,5984,3689,4871,2761,1084,6215,499,2195,2951,7788,3728,1777,1032,657
1984-05-31,1208,151,1125,1311,6477,2053,4352,6392,3786,5383,3004,1119,6455,541,2201,2872,7735,3697,1859,1082,687
1984-06-30,1182,156,1106,1304,6739,1872,4261,6219,3832,5178,2925,1111,6290,536,2206,2705,7770,3396,1907,1061,627
1984-07-31,1145,149,1098,1265,7192,1776,4004,6191,3683,5126,2741,1048,6146,527,2255,2638,7917,3265,1982,993,632
1984-08-31,1212,142,1196,1280,7679,1874,4386,6510,3824,4950,3067,1083,5996,570,2228,2743,8160,3230,2050,1062,663
1984-09-30,1257,149,1134,1250,7783,1913,4154,6345,3728,4961,3012,1046,6141,599,2325,2819,8430,3119,1962,1051,621
1984-10-31,1209,151,1082,1192,7703,1904,3955,6270,3769,5277,2954,999,6349,590,2325,2871,8244,2944,1851,1018,601
1984-11-30,1217,164,1145,1175,8044,1956,4085,6378,3572,5723,3009,1000,6370,618,2338,2805,8311,3110,1876,1078,563
1984-12-31,1197,162,1045,1131,8096,1930,4127,6325,3511,5600,2923,994,6320,560,2376,2975,8834,2987,1934,1041,548
1985-01-31,1128,159,1037,1098,7518,1833,4113,6033,3573,5641,2853,985,6315,534,2449,3085,8639,2986,1851,1014,548
1985-02-28,1161,168,1029,1115,7745,1890,4275,6408,3694,5582,2910,995,6587,573,2447,3435,9038,3133,1972,1090,567
1985-03-31,1204,171,1037,1121,7628,2036,4279,6558,3668,5370,2788,945,6463,534,2427,3520,8526,3073,2012,1104,555
1985-04-30,1283,169,1099,1218,7408,2276,4680,6628,3441,5480,2761,983,6455,546,2467,3761,8576,3144,2089,1107,585
1985-05-31,1303,169,1036,1206,7385,2311,4576,6267,3286,5447,2606,991,6046,530,2507,4153,9034,2991,2121,1148,587
1985-06-30,1359,162,1045,1229,7404,2362,4537,5841,3551,5538,2536,1003,6099,535,2602,3915,9418,3004,2324,1070,602
1985-07-31,1382,163,1068,1220,7399,2245,4700,5292,3708,5643,2600,955,6004,552,2680,3636,9716,3077,2163,1098,600
1985-08-31,1365,170,1004,1169,7544,2268,4850,5330,3793,5277,2683,1020,5883,567,2627,3558,9926,3077,2237,1100,618
1985-09-30,1332,175,997,1226,7521,2358,5081,5868,3608,5424,2893,965,5781,553,2520,3805,9835,2982,2406,1143,658
1985-10-31,1269,170,959,1139,7752,2204,5320,5773,3432,5426,2876,956,5558,535,2449,3745,9746,2973,2372,1118,697
1985-11-30,1229,165,926,1082,7746,2165,4925,5524,3533,5481,2995,942,5504,547,2473,3652,10011,2907,2357,1093,726
1985-12-31,1174,162,963,1158,7463,2314,4656,5450,3547,5672,3130,954,5617,520,2494,3473,10225,2850,2492,1046,740
1986-01-31,1158,160,960,1177,7971,2173,4779,5366,3378,5625,3151,978,5811,541,2608,3462,10941,2977,2588,978,725
1986-02-28,1197,169,975,1153,7845,2366,4898,5485,3240,5407,3353,987,5757,518,2734,3532,10950,3068,2571,1071,684
1986-03-31,1233,172,982,1222,8237,2424,4860,5332,3279,5818,3237,1051,5830,519,2742,3631,10936,3311,2580,1149,666
1986-04-30,1193,171,976,1170,7220,2322,4507,5532,3185,5832,3255,975,5842,517,2770,3591,10130,3158,2547,1178,612
1986-05-31,1193,172,1020,1105,7142,2259,4695,5534,3144,6001,3297,965,5941,510,2807,3813,10065,3059,2596,1211,626
1986-06-30,1274,168,988,1079,6899,2238,4490,5713,3236,5975,3358,962,5921,485,2938,3780,9916,3008,2621,1223,657
1986-07-31,1326,163,957,1113,7156,2228,4403,5710,3198,5965,3382,989,5838,483,2930,3919,9871,2969,2647,1185,651
1986-08-31,1300,159,920,1042,6949,2017,4235,5631,3175,5643,3296,938,5542,466,2959,4000,9673,2821,2662,1214,601
1986-09-30,1315,160,989,1056,6466,1944,4232,5863,3223,5642,3349,994,6122,495,2992,4418,9604,2898,2767,1189,615
1986-10-31,1194,161,940,1024,6908,2018,4482,5451,3023,5905,3261,976,5685,498,2971,4244,10088,2785,2836,1132,547
1986-11-30,1258,158,983,1006,7292,2080,4334,5285,3094,6102,3285,951,5840,482,2934,4366,10715,2652,2925,1204,558
1986-12-31,1231,157,1026,996,7553,2123,4425,5040,3053,6116,3612,940,6037,508,3126,4274,11006,2621,3025,1265,544
1987-01-31,1320,162,1016,998,7854,2114,4710,4805,3040,5772,3483,964,6352,491,2854,4293,11224,2692,2938,1258,542
1987-02-28,1227,155,1057,1008,7698,2153,4799,5018,2946,5800,3603,948,6560,501,2956,4219,11653,2612,3031,1244,520
1987-03-31,1183,160,999,1050,7361,2134,4938,5200,3062,5727,3480,952,6705,506,3072,4323,11839,2584,3079,1319,536
1987-04-30,1198,155,935,1072,6864,2059,4928,4915,2995,5463,3166,888,6731,493,3090,4360,11278,2580,3024,1303,528
1987-05-31,1231,169,1014,1099,7170,2024,5118,4985,3156,5483,3196,951,7041,497,3110,4383,11484,2770,2949,1359,539
1987-06-30,1248,164,1043,1113,7205,2118,5515,4922,3094,5563,3189,942,6608,497,2928,4219,11264,2671,2848,1318,527
1987-07-31,1234,159,1090,1120,7121,2250,5700,5014,3185,6028,2980,918,6557,510,3240,4404,10695,2819,2980,1386,531
1987-08-31,1123,156,1116,1087,7173,2083,5653,4975,3019,5878,2917,852,6543,511,3156,4120,10146,2861,2895,1375,524
1987-09-30,1068,158,1178,1125,7978,2138,5773,4955,2954,5944,2997,845,6695,518,3190,4273,9718,2971,3075,1346,544
1987-10-31,1075,153,1167,1058,7670,2161,5556,5136,3054,5916,3036,820,6564,500,2917,4458,9492,3006,3028,1285,511
1987-11-30,1100,158,1126,1078,8035,2232,5476,5376,3042,5818,3089,853,6500,496,3019,4711,9243,2916,3116,1312,518
1987-12-31,1078,161,1133,1073,8263,2259,5303,5256,2939,5806,3221,812,6480,509,3112,4743,8863,3100,3265,1398,536
1988-01-31,1122,162,1131,1103,8312,2269,5150,5223,3021,5732,3255,851,6280,546,3184,4654,9080,3012,3291,1327,541
1988-02-29,1136,164,1174,1112,8850,2329,5295,5269,3107,5619,3275,908,6046,538,3372,4636,9470,3006,3411,1367,522
1988-03-31,1025,171,1114,1183,8622,2339,5036,5079,3228,5393,3254,864,6066,501,3202,4364,9228,2921,3403,1457,532
1988-04-30,1083,181,1154,1244,8856,2482,4913,5217,3391,5554,3341,938,6392,500,3183,4500,9570,2915,3514,1514,529
1988-05-31,1039,178,1147,1242,8869,2562,5166,5379,3357,5573,3418,918,6656,509,3249,4345,10148,2960,3506,1526,512
1988-06-30,1076,177,1222,1276,9006,2660,4848,5412,3254,5626,3437,917,7234,552,3341,4363,10224,2989,3371,1520,499
1988-07-31,1018,174,1229,1348,9590,2762,5222,5285,3125,5574,3437,959,7712,581,3502,4520,10666,3382,3294,1588,522
1988-08-31,995,172,1268,1288,9471,2894,5143,5135,3085,5462,3113,892,7413,591,3234,4368,10356,3270,3498,1590,496
1988-09-30,930,184,1232,1215,9149,2907,5207,4654,3082,5402,2838,836,7299,607,2997,4132,10628,3441,3355,1563,492
1988-10-31,944,175,1214,1255,8961,2853,4853,4816,2905,5463,2976,882,7573,608,2970,4083,10867,3452,3265,1682,480
1988-11-30,968,178,1236,1299,9018,2762,5068,4947,2806,5365,2973,900,7824,594,3054,4148,10187,3604,3505,1733,480
1988-12-31,975,179,1275,1325,9296,2958,5080,5096,2950,5436,3149,960,7807,567,3043,4067,10735,3797,3678,1796,478
1989-01-31,979,172,1339,1332,9395,2960,4956,4898,3065,5605,2912,946,8368,603,3222,3799,11049,3978,3847,1793,499
1989-02-28,1009,167,1353,1345,9143,3004,5123,4705,2911,5797,2729,930,8847,612,3232,3803,10594,3936,3742,1804,479
1989-03-31,934,159,1397,1227,8955,3101,5023,4446,2573,5885,2604,908,8396,572,3198,3771,10508,3872,3612,1830,453
1989-04-30,992,171,1386,1240,9467,3371,5256,4691,2562,5793,2658,911,8244,598,3151,3895,10859,3938,3792,1853,459
1989-05-31,965,179,1413,1233,9637,3345,5480,4626,2299,5628,2523,916,7836,580,3223,3778,11351,3861,3776,1875,459
1989-06-30,894,173,1407,1246,9695,3240,5363,4441,2207,5432,2530,864,7735,582,3056,3843,10132,3800,3677,1882,465
1989-07-31,864,178,1337,1289,9702,3386,5406,4490,2156,5559,2677,901,8210,614,3173,3714,9688,3801,3787,1796,495
1989-08-31,836,186,1445,1297,9772,3365,5052,4255,2185,5559,2727,887,8274,592,3234,3794,10294,3664,3982,1871,493
1989-09-30,817,196,1437,1290,9861,3421,4858,4236,2281,5812,2715,956,8601,633,3439,3663,10846,3819,4317,1985,550
1989-10-31,828,198,1544,1245,9964,3632,4933,4350,2239,5975,2766,945,9199,672,3379,3696,11499,3783,4387,2037,536
1989-11-30,824,200,1623,1241,10246,3556,4612,4457,2226,6153,2761,945,8950,706,3340,3786,11465,3896,4409,2000,518
1989-12-31,786,193,1525,1231,10974,3526,4420,4424,2170,6065,2799,919,8959,693,3359,3822,11145,3950,4309,1939,503
1990-01-31,787,186,1460,1116,11045,3440,4512,4472,2154,6246,2642,937,9246,673,3301,3892,10375,3921,4294,1870,518
1990-02-28,765,193,1420,1065,10953,3734,4492,4588,2094,6485,2812,987,9570,670,3459,3958,10342,3898,4474,1890,517
1990-03-31,733,187,1386,1066,10923,3426,4550,4472,2109,6306,2840,993,10094,687,3586,3948,10715,4033,4659,2068,547
1990-04-30,782,198,1498,1115,11646,3429,5020,4548,2063,6177,2937,1011,10182,687,3587,4029,10752,4252,4921,2115,583
1990-05-31,695,194,1494,1117,10940,3365,4949,4586,1975,6239,2903,1015,10239,649,3386,3630,10740,4319,5002,2201,562
1990-06-30,667,194,1464,1135,11018,3185,5149,4493,1906,5912,2933,998,10402,637,3406,3441,10220,4284,4981,2221,542
1990-07-31,650,183,1442,1173,10440,3098,5361,4474,1845,5619,2990,973,9965,638,3663,3475,9744,4360,4889,2231,563
1990-08-31,646,182,1444,1191,10393,3088,5320,4574,1786,5395,3019,986,9753,631,3663,3457,10009,4343,4634,2153,590
1990-09-30,670,180,1428,1157,10467,3091,5639,4824,1868,5295,3261,1018,10270,640,3917,3648,9929,4464,4859,2121,633
1990-10-31,679,169,1429,1221,10226,3196,5588,4820,1915,5461,3334,1103,10193,661,3858,3997,10320,4618,5220,2141,687
1990-11-30,708,165,1471,1261,10780,3241,6267,5013,1946,5298,3492,1121,10076,680,4168,4219,10860,4835,5167,2241,721
1990-12-31,731,167,1424,1201,10184,3178,6030,4814,1938,5236,3473,1134,9920,695,3934,3880,10727,4519,5184,2100,681
1991-01-31,711,164,1287,1155,9630,3310,5716,4769,1785,4964,3451,1069,9690,685,3944,3577,10445,4378,5351,2149,686
1991-02-28,750,162,1211,1182,9937,3230,5672,4746,1751,5025,3424,1061,10544,682,3907,3701,10276,4223,5271,2067,721
1991-03-31,711,162,1255,1203,9951,3122,5629,4908,1684,5017,3489,1066,10116,696,3635,3573,9794,4341,5059,2056,711
1991-04-30,734,156,1283,1278,10176,2977,5603,5006,1700,4782,3630,1049,10528,663,3682,3826,9967,4428,5072,2157,718
1991-05-31,717,151,1262,1235,10004,2969,5764,4858,1739,4837,3844,1024,10619,631,3464,3701,9828,4247,4961,2146,713
1991-06-30,741,155,1231,1269,10461,2899,5962,4881,1672,4727,3923,1032,10565,634,3365,3743,9905,4202,5113,1993,736
1991-07-31,757,153,1290,1359,10864,2987,6218,4954,1676,4880,3921,1076,10213,627,3517,3833,10525,4403,5301,2129,751
1991-08-31,805,152,1314,1392,11185,3069,6648,4932,1659,4960,3927,1100,10691,642,3398,4045,10632,4196,5451,2113,760
1991-09-30,761,141,1344,1296,10356,3018,6752,4897,1598,4800,3935,1040,9828,621,3372,3589,10056,4092,5438,2016,698
1991-10-31,783,143,1355,1273,11214,3250,6903,5053,1622,4906,3911,1027,10054,651,3538,3747,10174,4263,5659,2109,710
1991-11-30,764,142,1245,1286,11515,3254,7254,5134,1569,4808,3839,981,10507,651,3738,3588,10436,4311,5740,2316,678
1991-12-31,770,137,1349,1236,11847,3182,7315,5193,1553,4968,3870,1024,10690,660,3998,3696,10384,4460,5765,2358,707
1992-01-31,727,127,1347,1275,12121,3100,7008,5168,1625,4911,4013,1015,9730,672,3629,3646,9478,4313,5570,2258,687
1992-02-29,704,128,1344,1302,12198,3136,6904,5187,1635,4465,3996,1032,9771,630,3396,3677,9529,4138,5357,2125,731
1992-03-31,693,125,1304,1332,12342,3012,6597,4899,1666,4529,4011,1032,9861,604,3466,3547,9897,4316,5170,1990,760
1992-04-30,685,119,1330,1372,11760,2934,6751,4827,1521,4666,4065,979,9232,604,3767,3547,10266,4379,5169,1902,751
1992-05-31,735,122,1397,1435,11774,3166,6897,5198,1605,4560,4139,1045,8784,642,3983,3773,10611,4556,5237,1867,760
1992-06-30,725,127,1333,1337,11250,2966,7320,5048,1517,4458,4314,1081,9357,670,3820,3644,10377,4467,5293,1877,766
1992-07-31,700,132,1358,1315,11047,2971,7882,4794,1507,4282,4490,1105,9915,649,3745,3516,10619,4571,5201,2018,751
1992-08-31,713,130,1367,1355,10989,2942,7978,5129,1452,4494,4351,1059,9897,656,3605,3396,10527,4644,5194,2003,767
1992-09-30,707,136,1353,1389,11558,3054,7910,5263,1431,4306,4394,1003,10437,652,3591,3542,10503,4752,5189,2098,799
1992-10-31,714,137,1360,1412,11705,3234,8261,5448,1348,4219,4570,985,10763,624,3716,3683,10878,4836,5143,2124,811
1992-11-30,726,140,1370,1397,12519,3252,8228,5469,1298,4113,4842,1023,10923,626,3830,3575,11089,4862,5316,2131,834
1992-12-31,695,141,1466,1400,12636,3223,8141,5435,1242,4060,4723,981,10677,595,3906,3320,11251,4860,5275,2131,831
1993-01-31,663,152,1525,1489,13617,3309,7923,5257,1197,4400,4700,992,10680,613,4185,3572,11778,5159,5243,2169,819
1993-02-28,698,147,1481,1567,13672,3468,7450,5376,1221,4354,4546,1047,10682,592,3829,3635,12035,5361,5384,2165,784
1993-03-31,667,148,1489,1591,12794,3459,7249,5011,1129,4387,4395,1000,10042,610,3884,3519,11726,5090,5320,2148,783
1993-04-30,711,156,1541,1625,13269,3472,7025,5048,1155,4392,4734,1027,10726,626,3997,3402,11981,5051,5608,2305,849
1993-05-31,704,149,1578,1591,12426,3344,7088,5234,1193,4329,4880,1030,11262,646,4018,3212,11832,4808,5503,2380,895
1993-06-30,710,143,1653,1626,12565,3401,7237,5509,1230,4784,4971,1037,11177,675,3922,3374,12092,5059,5866,2479,905
1993-07-31,728,140,1741,1578,13295,3614,7574,5746,1299,4865,5161,1001,10523,709,4230,3278,11685,4979,5814,2465,941
1993-08-31,748,137,1703,1576,13276,3745,7191,5413,1363,4950,5350,1014,10429,709,4433,3392,12186,5183,5968,2538,962
1993-09-30,725,140,1695,1635,13181,3722,6955,5460,1446,4853,5348,1058,10964,708,4714,3513,13614,5269,6095,2572,988
1993-10-31,744,141,1638,1650,13544,3730,7181,5134,1390,4445,4901,1015,10347,693,4613,3603,13015,5002,5654,2638,1002
1993-11-30,745,144,1776,1788,13522,3741,7171,4951,1387,4638,5065,1011,10373,715,4776,3490,13249,5072,5700,2618,969
1993-12-31,795,141,1765,1769,13820,3733,7132,5129,1343,4893,5228,1042,10707,719,4558,3766,14012,5176,5672,2707,982
1994-01-31,791,149,1848,1771,14105,3651,7743,5617,1329,4891,5343,1090,10786,764,4583,3994,14880,5433,6178,2851,976
1994-02-28,807,144,1845,1731,13940,3719,7902,5717,1294,5183,5570,1071,10727,773,4788,3992,14432,5525,6562,2995,994
1994-03-31,834,147,1766,1679,13861,3505,7676,5922,1257,5159,5606,1103,10235,745,4908,4020,14376,5447,6334,2935,996
1994-04-30,801,144,1681,1586,14110,3511,7607,6392,1171,5071,5664,1126,9829,747,4950,3916,14605,5391,6485,2876,992
1994-05-31,832,143,1763,1599,13857,3429,7265,6592,1195,5218,5751,1112,9644,731,5048,3843,15145,5483,6536,2733,936
1994-06-30,860,144,1850,1614,14722,3677,8001,6587,1275,5489,6078,1212,9979,760,5213,3929,15261,5682,6599,2774,994
1994-07-31,843,132,1888,1525,15020,3524,7602,6556,1212,5731,6121,1261,9465,729,4846,3749,15872,5322,6961,2456,1006
1994-08-31,853,132,1965,1482,16042,3540,7306,6275,1275,5775,5939,1355,9359,760,4887,3789,16540,5193,6787,2443,1039
1994-09-30,881,134,2066,1555,16913,3655,7435,6447,1306,5555,6243,1404,9414,812,4916,3909,16727,5109,7221,2556,1094
1994-10-31,895,136,2207,1561,17600,3587,7628,6397,1276,5590,6157,1449,9146,827,4696,4060,16289,5368,6977,2697,1078
1994-11-30,927,132,2167,1566,17491,3605,7479,6593,1336,5459,6476,1457,9775,825,4505,3989,15910,5665,6764,2745,1037
1994-12-31,943,133,2257,1561,17178,3616,7372,6183,1337,5754,6446,1457,10423,836,4659,3993,15930,5704,7170,2822,1020
1995-01-31,894,134,2223,1542,16945,3630,6987,5616,1198,5501,6314,1492,9911,811,4510,4015,16020,5316,6767,2750,1015
1995-02-28,889,129,2282,1555,16318,3688,7021,5672,1259,5193,6366,1522,9764,784,4726,4067,16937,5512,6650,2783,1053
1995-03-31,916,130,2225,1572,16329,3947,7452,5515,1274,5488,6807,1515,10119,809,4998,4159,17899,6013,6599,3025,1118
1995-04-30,875,119,2301,1613,15521,3799,7350,5600,1309,5168,6761,1421,9913,764,5012,4085,18433,6009,6945,2979,1152
1995-05-31,935,120,2387,1677,15971,3796,8007,5763,1422,5469,6964,1461,9999,809,4969,4212,19758,5932,7696,3218,1259
1995-06-30,918,123,2263,1749,14892,3720,7540,5547,1335,5115,7012,1526,9814,799,4715,4196,19213,5718,8342,3015,1231
1995-07-31,982,127,2278,1896,15257,3522,7751,5384,1416,5086,7379,1595,10086,815,5010,4421,19140,5847,9147,2892,1246
1995-08-31,1036,133,2491,1982,15074,3779,7876,5513,1433,5112,7873,1670,10411,861,5136,4364,19090,6168,9584,3080,1310
1995-09-30,997,136,2480,1936,14749,3807,7427,5581,1373,5565,7750,1676,10476,864,4854,4430,19274,6122,9683,3176,1351
1995-10-31,1030,138,2535,1888,15305,3641,7089,5780,1406,5583,7754,1603,10267,845,4895,4512,20042,6041,10059,3142,1385
1995-11-30,998,138,2432,1979,15618,3602,7168,5818,1322,5555,7621,1523,9925,806,4818,4580,21818,5985,9761,3157,1344
1995-12-31,970,135,2361,1991,15861,3666,7438,5682,1381,5453,7650,1582,9940,773,4749,4622,21338,5924,9498,2998,1339
1996-01-31,1053,131,2351,1957,16154,3881,7783,6260,1331,5417,7973,1694,10601,788,5156,4419,22704,5782,9688,3225,1324
1996-02-29,1077,126,2285,1972,15716,3957,8000,6066,1311,5480,8454,1737,10422,793,5180,4324,22671,5799,9700,3106,1322
1996-03-31,1078,131,2352,2098,16591,4095,8405,5988,1301,5264,8850,1884,11479,808,5513,4564,24532,6462,9297,3232,1400
1996-04-30,1066,124,2233,2046,15543,4065,8365,6027,1254,5000,9062,1973,11065,796,5651,4390,23883,6022,9351,3155,1333
1996-05-31,1077,122,2171,2124,15311,4142,8606,6102,1265,4658,8903,1909,10817,761,5408,4262,23116,6040,9044,3220,1268
1996-06-30,996,125,2240,2074,16203,4210,8812,6161,1346,4914,9071,1951,10365,799,5001,4401,22640,5824,8935,3164,1316
1996-07-31,1027,130,2347,2173,18181,4614,8898,6377,1353,5146,9157,1921,10335,878,5033,4334,23411,6253,9042,3108,1301
1996-08-31,923,128,2308,2123,18081,4486,8463,6193,1216,5301,9191,1998,10511,860,5220,4364,24146,6192,8279,2978,1296
1996-09-30,950,130,2398,2044,19063,4285,8348,6413,1209,5633,9506,1963,10362,845,5542,4242,24128,6419,7788,2896,1338
1996-10-31,996,138,2441,2110,18382,4216,8676,6795,1289,6151,9531,2091,10035,897,5905,4344,24353,6757,8081,3043,1302
1996-11-30,952,128,2443,2002,16578,4106,8668,6768,1309,6164,9047,1904,9939,886,5677,4150,25287,6573,7886,3156,1278
1996-12-31,922,131,2455,1987,15508,4278,8789,6761,1337,6433,8802,1923,9711,961,6240,3966,26545,6508,8447,3314,1282
1997-01-31,902,137,2610,2071,15557,4509,8769,6516,1247,6587,8171,1869,9855,923,6275,3886,26428,6151,8790,3131,1229
1997-02-28,885,135,2764,1982,15789,4517,8647,5888,1236,6325,8250,1785,10451,927,6176,3672,25617,5903,8784,3025,1190
1997-03-31,869,138,2881,1876,15607,4269,8316,6011,1222,6137,8754,1697,9508,913,6297,3535,26422,5829,8409,2891,1122
1997-04-30,927,139,3007,1793,16312,4249,7945,5982,1243,6585,9223,1727,9064,901,5927,3659,26922,5719,8618,2799,1088
1997-05-31,926,146,2994,1928,16614,4393,8729,6548,1260,7172,9611,1769,8984,931,5994,3689,28730,5860,8854,2914,1129
1997-06-30,908,151,3089,1901,16052,4404,9038,6705,1208,6930,8971,1730,9508,970,5905,3595,29448,5631,8995,3004,1101
1997-07-31,947,162,3047,1858,15642,4543,8506,6702,1177,7141,8984,1830,10291,993,6001,3628,29254,5699,8344,3033,1170
1997-08-31,863,162,2914,1769,14969,4386,8352,6856,1172,7080,9063,1890,9012,915,5944,3521,26996,5270,7767,3238,1086
1997-09-30,856,171,2856,1824,15481,4332,8889,7232,1233,7075,9050,1806,8917,904,5499,3811,28357,5204,8046,3249,1098
1997-10-31,892,167,2806,1828,14800,4092,8618,7085,1261,7094,9289,1730,9204,925,5804,3746,27866,5419,8217,3247,1058
1997-11-30,933,173,2757,1861,15122,3863,8173,7028,1305,7053,9034,1669,9782,913,5518,3764,29326,5392,8108,3332,1102
1997-12-31,896,170,2662,1854,15338,3731,8429,6504,1216,6991,9392,1760,9670,913,5324,3945,29497,5451,8149,3176,1016
1998-01-31,831,164,2627,1799,15259,3543,8785,6062,1239,6749,9268,1650,9477,874,5345,3590,28190,5662,7886,3117,985
1998-02-28,830,170,2698,1764,15284,3514,9005,6021,1255,6943,9896,1612,9228,838,5557,3724,29866,6139,8445,3269,998
1998-03-31,854,169,2643,1742,16112,3408,8801,6139,1220,6913,9548,1608,9618,796,5083,3605,29204,6272,8072,3302,925
1998-04-30,837,173,2713,1821,16524,3572,9331,6166,1201,6704,10598,1605,10099,788,5071,3640,28845,6352,8138,3202,979
1998-05-31,807,177,2775,1866,15043,3617,8944,6086,1121,6540,9592,1549,10352,760,5090,3590,28753,6234,8231,2968,991
1998-06-30,861,174,2674,1907,15352,3380,8725,6110,1118,6576,10014,1482,10120,707,5091,3762,29324,5835,8152,3160,938
1998-07-31,847,182,2739,1999,16584,3284,9098,6040,1035,6265,10311,1536,10099,703,5143,3720,30359,5795,8166,3133,980
1998-08-31,857,182,2814,2103,17741,3323,9077,6164,1063,6321,10198,1488,10741,767,4877,3915,31376,5759,8425,3132,1025
1998-09-30,840,167,2693,2155,16651,3366,9124,5940,959,6750,9629,1516,10502,799,4604,3731,31997,5468,8218,3081,970
1998-10-31,805,172,2822,2346,15394,3461,8771,5881,1045,6809,10051,1552,11186,781,4957,3989,34018,5614,8518,3173,982
1998-11-30,748,164,2809,2312,14589,3392,8558,5732,1034,7327,9787,1636,10925,798,4825,3992,34554,5327,7957,3234,982
1998-12-31,721,164,2708,2303,14095,3359,8974,5505,979,7797,9806,1716,11416,783,4844,3947,34714,5618,7996,3056,997
1999-01-31,730,168,2855,2281,14613,3561,9214,5925,953,8133,10567,1663,11912,749,4906,4248,35841,5968,8536,3159,1056
1999-02-28,689,163,2712,2319,14153,3341,9047,5656,922,8701,10433,1677,11750,796,4663,4241,35694,5764,7990,3258,965
1999-03-31,714,166,2917,2226,14240,3489,8980,5611,860,8844,9814,1704,11292,760,4652,4294,34802,5755,8347,3352,972
1999-04-30,716,171,2962,2299,14572,3518,9163,5361,884,8969,9813,1740,11104,773,4701,4595,34119,5854,8303,3450,953
1999-05-31,764,179,2898,2275,15189,3523,9969,5569,928,9081,10720,1694,11548,834,4997,4455,33998,6187,8209,3462,970
1999-06-30,774,182,2792,2288,15847,3409,10438,5500,915,9419,10511,1736,11353,825,4903,4504,32473,6260,8195,3583,955
1999-07-31,811,185,2738,2206,16107,3114,10321,5256,937,9096,10572,1706,11528,844,4712,4471,34125,6600,7888,3691,968
1999-08-31,846,196,2953,2291,17399,3083,10695,5481,965,9204,11188,1728,11607,836,4813,4789,32931,6521,8363,3661,1017
1999-09-30,875,190,2939,2278,16723,2996,10745,5472,961,9177,11289,1710,11472,793,4427,4743,34111,6646,8811,3645,1037
1999-10-31,845,187,3115,2112,17019,3003,10844,5669,949,9446,11766,1680,11847,746,4359,4662,34441,7202,8553,3723,1076
1999-11-30,872,195,2975,2279,17338,3027,11255,5735,945,10269,11884,1608,11295,762,4466,4922,34182,7156,8858,3688,1120
1999-12-31,849,189,2798,2365,16964,3021,11423,5753,910,10399,11583,1613,11297,715,4629,4698,34247,6795,8172,3710,1038
2000-01-31,857,189,2658,2384,17750,3110,11378,5430,904,9823,11907,1629,11375,756,4594,4826,36408,6537,8051,4036,1073
2000-02-29,841,191,2614,2395,17657,3242,11259,5163,841,9295,11358,1599,11391,703,4474,4891,33837,6231,7545,3885,1077
2000-03-31,876,184,2638,2339,18199,3014,10927,5004,789,8901,10828,1522,10408,697,4574,4730,34818,6089,7000,3821,1087
2000-04-30,902,178,2704,2243,17965,2917,10718,4998,786,9076,10947,1589,10493,711,4741,4829,34973,5760,6799,3911,1123
2000-05-31,940,181,2739,2194,17997,2993,11005,4982,771,9029,11415,1536,10263,738,4807,4975,36603,5481,7144,3909,1124
2000-06-30,993,193,2874,2244,17650,2982,11686,4772,801,8998,11662,1535,10806,768,5121,5246,34697,5535,7386,3948,1128
2000-07-31,1010,197,2972,2241,18657,2968,11983,5075,830,8543,11428,1449,10880,778,5126,5288,33318,5706,7118,4099,1164
2000-08-31,979,202,3148,2218,18433,2736,11870,5036,847,8976,11201,1382,10576,789,4981,5297,32224,5425,7235,4171,1148
2000-09-30,1016,198,3220,2231,18159,2875,11819,5065,838,8566,11443,1449,11072,823,4953,5120,29243,5757,7068,4092,1139
2000-10-31,1039,184,3059,2223,18517,2972,11464,5204,856,8819,12133,1538,11521,863,4963,5047,30259,5604,6744,4078,1149
2000-11-30,1046,181,2982,2145,17802,3149,11305,5017,840,8268,11396,1493,11602,860,4670,5041,30830,5511,6447,3872,1118
2000-12-31,1065,187,3025,2138,18456,2951,11164,5052,796,8732,11388,1443,11200,871,4546,4745,30295,5347,6472,3852,1105
2001-01-31,1059,193,2966,2244,18454,2980,11763,5345,816,9120,11341,1521,11662,897,4838,4980,31580,5434,6405,3982,1125
2001-02-28,1058,193,2727,2198,19112,3146,12789,5105,887,9226,11397,1515,11897,924,5075,4917,32214,5443,6535,3852,1154
2001-03-31,1086,178,2740,2165,19728,3230,12752,4923,857,9335,11264,1521,11697,880,5228,4792,32039,5675,6788,3643,1158
2001-04-30,1054,183,2783,2236,20939,3382,13065,5128,924,9564,11824,1595,11796,884,5281,5198,33616,5905,6926,3549,1126
2001-05-31,1002,172,2918,2200,20142,3360,12977,5236,911,9522,12320,1593,11508,843,5245,5187,33932,6243,6986,3580,1073
2001-06-30,1001,175,2954,2216,20023,3446,12927,5466,1004,9719,11874,1728,11629,816,5241,4992,34887,6276,7028,3763,1141
2001-07-31,1009,180,2775,2179,21160,3406,13133,5526,1039,10158,11746,1684,11473,760,5341,5060,33986,6338,7190,3582,1175
2001-08-31,969,180,2678,2230,20216,3182,12670,5257,1086,9982,11681,1637,11201,716,5003,4926,34308,6707,6728,3446,1152
2001-09-30,948,167,2651,2193,18641,3317,12268,5624,1136,9213,12112,1641,10945,711,5098,4965,35965,6756,6419,3344,1088
2001-10-31,1040,171,2871,2160,17920,3599,12070,5832,1182,9485,12731,1677,10777,729,5144,5078,38143,7109,6437,3588,1146
2001-11-30,1046,173,2822,2088,17525,3535,11823,5929,1179,9107,12237,1599,11015,704,5263,4997,39038,6711,6309,3618,1220
2001-12-31,1101,186,2824,2096,18409,3735,12427,6051,1155,9227,12145,1569,11661,682,5325,4902,40772,6759,6245,3746,1207
2002-01-31,1095,178,2727,2028,19525,3602,12293,6133,1156,9402,12209,1621,10686,667,5247,4492,38881,6797,6179,3541,1255
2002-02-28,1111,174,2673,1965,18477,3793,12100,5871,1131,9535,11013,1561,10281,684,5261,4319,37532,6869,5974,3352,1259
2002-03-31,1203,181,2542,1968,18639,3970,12418,5986,1102,9348,11261,1477,10321,694,5347,4362,39247,6545,5809,3200,1209
2002-04-30,1206,193,2482,1900,18081,4165,12697,6435,1111,9336,11992,1529,10522,667,5709,4377,38480,7043,5742,3354,1277
2002-05-31,1138,198,2572,1883,17809,4026,12595,6689,1100,9654,11798,1470,10214,632,5466,4335,37803,7057,5630,3265,1307
2002-06-30,1116,193,2310,1880,16111,3908,12817,6199,1046,9582,11340,1410,10355,594,5121,4236,36890,7085,5864,3136,1354
2002-07-31,1099,180,2317,1879,15308,3810,12842,5847,1057,8852,11554,1371,9811,609,5307,4029,36736,6712,5569,2973,1315
2002-08-31,1134,187,2453,1981,15889,3857,13725,6237,1071,8611,11765,1452,9895,597,5520,3937,37099,6871,5666,3113,1338
2002-09-30,1109,189,2392,2102,15920,3769,13660,6068,1069,8581,11305,1467,9807,568,5267,4103,38520,7087,5191,3196,1340
2002-10-31,1144,193,2418,2050,15744,3715,13984,6185,1085,9335,11484,1524,10493,575,5439,4069,39396,7076,5772,3196,1353
2002-11-30,1098,191,2428,2108,16358,3644,14051,6040,1010,8937,11672,1547,10765,554,5228,3991,41140,7015,6023,3239,1310
2002-12-31,1111,194,2400,2024,16206,3464,13150,5922,976,9308,11227,1478,10023,550,5189,4028,38662,6715,5873,3119,1272
2003-01-31,1129,198,2300,1990,15724,3321,13745,5935,949,8982,10979,1442,10043,566,5077,3931,39368,6227,5764,3220,1346
2003-02-28,1098,210,2271,2055,15749,3300,14203,5775,872,8413,10406,1466,9983,594,5231,3941,39354,6767,5877,3028,1336
2003-03-31,1103,209,2426,2162,15980,3280,14354,5942,896,8327,10797,1425,9748,623,5416,4103,39472,7315,5926,3031,1387
2003-04-30,1069,207,2485,2135,15351,3464,14892,5942,842,8371,10598,1357,9465,633,5145,4179,39803,7237,5912,2878,1356
2003-05-31,1068,214,2456,2243,15946,3455,14660,5939,813,8510,10693,1336,9115,655,5435,4193,39169,7535,5639,2685,1458
2003-06-30,1114,209,2535,2278,15977,3742,14907,5838,799,8463,10610,1425,9276,657,5347,4285,39187,7227,5482,2833,1491
2003-07-31,1174,207,2664,2292,17022,3909,15726,6071,804,8486,11050,1518,9869,658,5643,4502,40407,7255,5583,2763,1490
2003-08-31,1159,224,2526,2340,17167,3960,16936,5596,831,8980,10811,1682,10134,677,5500,4563,41217,7282,5563,2815,1540
2003-09-30,1187,222,2561,2372,16196,3758,16360,5741,806,8641,10021,1715,9403,646,5383,4375,39693,7127,5759,2732,1502
2003-10-31,1239,234,2610,2317,16422,3931,17099,6071,822,8480,10641,1772,9468,654,5782,4590,40840,7111,5727,2929,1449
2003-11-30,1309,240,2658,2404,16051,4099,18423,6648,819,8741,11011,1851,9098,645,6101,4476,41462,7374,5827,3069,1402
2003-12-31,1288,240,2566,2452,14992,3887,17751,6610,807,8922,10640,1727,9305,618,6075,4451,40406,7356,6044,2961,1297
2004-01-31,1260,241,2742,2514,14344,3682,16954,6188,810,8585,10454,1805,8951,610,6140,4578,39086,7932,5872,2939,1244
2004-02-29,1266,239,2830,2415,14687,3703,17569,6376,816,8339,10776,1853,8674,637,6455,4280,37125,8315,5701,2891,1240
2004-03-31,1218,231,2701,2380,14897,3407,16607,6689,794,7829,10029,1790,8566,628,6629,3921,36648,7965,5687,2815,1194
2004-04-30,1294,223,2575,2236,15149,3400,15796,6169,770,7449,10024,1770,7826,626,6209,3992,38777,7760,5875,2756,1169
2004-05-31,1225,215,2707,2227,15439,3338,14642,6410,739,7285,10170,1788,7118,668,5985,3996,38969,7847,5910,2697,1202
2004-06-30,1189,212,2759,2213,15366,3377,15362,6170,712,7120,10097,1876,6998,678,6039,3980,37275,7685,6117,2504,1186
2004-07-31,1119,208,2745,2045,15389,3241,14524,6027,703,7369,9712,1754,6843,649,5570,3858,36276,7750,6116,2509,1158
2004-08-31,1135,206,2862,2165,14677,3233,14767,6305,700,7018,9947,1787,7293,642,5169,3855,35023,8069,5869,2588,1211
2004-09-30,1092,191,2903,2131,14457,3094,14983,6002,687,7025,9970,1802,6834,603,5045,3729,34525,8270,5838,2501,1232
2004-10-31,1053,192,2933,2175,14983,3074,14982,6285,659,7157,9733,1748,6825,605,5016,3678,36409,8727,5908,2560,1274
2004-11-30,1046,187,2794,2195,15059,3125,14115,6353,671,7096,9714,1689,6500,562,4545,3641,35227,8649,5968,2377,1327
2004-12-31,990,177,2806,2075,15065,3159,13280,6350,657,6668,9505,1783,6353,599,4522,3634,34421,7960,5578,2358,1316
2005-01-31,1029,186,2859,2103,15767,3314,14024,6195,679,6819,9445,1963,6223,571,4714,3640,37336,7851,5619,2328,1462
2005-02-28,971,171,2889,1935,16096,3129,14799,6432,696,6911,9227,1974,5947,594,4592,3748,35533,7547,5708,2215,1484
2005-03-31,964,177,2849,1980,16513,3020,14795,6646,715,6898,9859,2100,6292,614,4734,4020,37183,7548,5605,2313,1562
2005-04-30,923,155,2984,1935,16233,2892,14983,6606,692,6779,9344,1950,6216,611,4616,3967,36806,7319,5274,2296,1577
2005-05-31,973,165,3066,1967,16451,3083,15682,6889,708,7230,10010,2078,6261,656,4606,4293,34895,7498,5346,2485,1632
2005-06-30,966,170,3000,1926,16048,3035,14611,6968,692,6985,9615,2050,5890,641,4736,4109,34523,7213,5577,2399,1656
2005-07-31,954,170,2908,1868,15783,3247,15244,6695,637,6912,9669,2083,5959,628,4752,4075,35305,7139,5768,2326,1590
2005-08-31,951,171,2899,1887,15899,3121,14548,6441,596,6682,9543,1997,5740,623,4901,4153,36220,6953,5842,2193,1529
2005-09-30,914,159,2834,1716,15543,3177,14783,6059,626,6242,9173,1977,5622,606,5003,4044,34696,6929,5675,2222,1523
2005-10-31,892,164,2723,1757,15979,3105,14893,6243,647,5943,8894,1975,5317,624,4850,4035,34654,6828,5615,2260,1492
2005-11-30,888,156,2856,1660,16200,3093,15058,6510,650,6267,8558,2053,5455,600,4868,3982,33304,6477,5499,2282,1488
2005-12-31,898,159,2814,1722,16395,2978,15458,6845,657,6661,8467,1965,5463,569,4741,3811,33781,6640,5667,2399,1490
2006-01-31,927,153,2593,1763,15937,2870,15337,6703,650,6800,8880,1898,5329,510,4794,3859,33905,6184,5790,2477,1414
2006-02-28,935,154,2363,1667,15523,2949,16632,6963,651,7203,9219,1909,5253,486,4678,3837,36611,6104,5824,2526,1377
2006-03-31,963,144,2333,1765,15981,3097,17788,7017,626,7243,9075,1985,5024,486,4494,3672,36075,5833,5831,2619,1441
2006-04-30,926,136,2304,1663,15316,2954,17904,7564,648,7182,9326,1937,4870,480,4353,3796,37900,5715,5213,2624,1444
2006-05-31,926,140,2335,1717,15226,3029,17278,7779,651,7084,9541,1873,5192,482,4256,3830,36164,5704,5181,2555,1402
2006-06-30,945,143,2336,1628,14779,2855,17367,8251,627,6646,9087,1853,5448,477,4074,3534,37561,5717,5172,2752,1388
2006-07-31,1022,141,2402,1664,14532,3058,17213,8150,664,6793,9539,1982,5471,491,4108,3631,37873,5610,5122,2866,1381
2006-08-31,1033,143,2396,1714,14172,2905,18420,8021,652,7064,10097,2042,5311,496,3918,3288,39730,5802,5355,2715,1432
2006-09-30,1036,137,2385,1834,14606,2853,18672,7914,659,7128,10352,2049,5397,500,3843,3434,39346,5685,5573,2649,1459
2006-10-31,1066,147,2475,1908,14801,3082,19537,7818,642,7211,10012,2162,5325,505,4108,3486,42154,5778,5851,2736,1503
2006-11-30,1117,144,2577,2024,16144,3065,20870,8047,639,7633,9682,2261,5493,503,4163,3707,42317,6158,5837,2836,1510
2006-12-31,1112,149,2620,2071,16585,3032,22780,7852,679,8174,10081,2251,5507,512,4233,3883,44658,5921,6050,2840,1464
2007-01-31,1099,145,2722,2079,16869,3188,22507,8009,692,8805,10207,2454,5513,561,4225,4075,47541,6208,6168,2993,1488
2007-02-28,1046,138,2650,1945,16948,3290,22080,7799,650,9114,9351,2532,5651,552,3833,4130,47306,5888,6567,3009,1391
2007-03-31,990,124,2733,1949,16486,3079,20733,7914,648,8986,9458,2442,5391,557,3903,4131,43847,5767,6924,2874,1293
2007-04-30,1042,120,2865,2127,16215,3079,21684,8262,658,9034,9613,2500,5333,554,3976,4253,46847,6031,7024,2702,1331
2007-05-31,987,124,2762,2260,16602,3159,20829,9036,695,8985,10077,2698,5379,555,3865,4640,48531,6120,7336,2852,1355
2007-06-30,1028,130,2941,2466,16024,3135,20358,9392,678,9806,9878,2704,5546,568,4040,4764,49089,6135,7248,2981,1392
2007-07-31,1033,127,2902,2342,15815,3140,19399,9607,661,9506,9772,2713,5430,550,3962,4484,48208,5884,7356,2940,1445
2007-08-31,1077,137,3003,2428,16426,3149,20240,9324,654,10012,9679,2647,5420,568,3980,4521,49147,5701,7366,2866,1490
2007-09-30,1043,136,2976,2372,17372,2855,19744,8855,653,9496,10058,2478,5071,568,3753,4325,49012,5432,7047,2979,1488
2007-10-31,1117,128,2938,2377,16595,2869,19712,9253,662,9494,10844,2311,5411,552,3866,4547,49504,5905,7297,2872,1550
2007-11-30,1163,138,2853,2453,17300,3013,20310,9693,656,9956,10962,2333,5683,553,4056,4602,51592,5676,7352,3121,1646
2007-12-31,1197,143,2835,2535,17256,3022,21512,9993,646,9431,11207,2295,5785,578,4024,4548,53074,5857,7691,3236,1690
2008-01-31,1229,142,2929,2631,17226,2949,24335,10086,610,9516,11266,2210,6255,580,4068,4754,54816,6070,8126,3288,1782
2008-02-29,1183,138,3033,2677,16867,2957,23076,11004,659,9527,11275,2158,6128,592,3975,4667,54411,6193,8008,3445,1849
2008-03-31,1177,147,3351,2844,17349,3134,23868,11685,684,9292,10729,2208,6207,652,4086,4775,52929,6262,7770,3618,1803
2008-04-30,1209,153,3569,2886,17784,3150,23366,12488,680,9539,10859,2177,6143,720,4228,4822,52519,6187,7938,3556,2008
2008-05-31,1311,158,3614,3006,18278,3141,23848,13101,734,10107,11134,2259,6540,724,4389,5038,54279,5979,8230,3633,2106
2008-06-30,1398,147,3440,2944,18222,2978,23227,12846,755,10401,11212,2268,6508,742,4257,4647,51168,6234,8145,3592,2217
2008-07-31,1335,146,3552,3083,18188,2876,24231,12607,740,9777,11163,2223,6228,723,4377,4749,52484,6210,8026,3576,2327
2008-08-31,1335,146,3841,3201,17800,3041,25005,12418,753,9581,11779,2259,6278,768,4606,4865,54656,6161,8037,3554,2351
2008-09-30,1339,150,3837,3346,18734,3043,23105,12345,760,9488,11243,2218,6294,800,4427,4753,53131,6460,8212,3647,2358
2008-10-31,1366,142,3865,3336,19248,2996,22373,12530,770,9552,11093,2239,6119,839,4526,4695,53928,6388,7772,3557,2475
2008-11-30,1368,146,3952,3466,18314,3007,21698,12297,780,9034,10567,2303,6072,802,4620,4868,52449,6506,7081,3452,2479
2008-12-31,1353,148,3956,3445,17836,2951,20884,11804,795,9041,10783,2203,5657,821,4756,4748,55529,6417,7207,3635,2546
2009-01-31,1239,145,3853,3536,17259,2811,20907,12511,771,8942,10152,2312,5353,859,4623,4651,56763,5815,7257,3607,2408
2009-02-28,1248,143,3752,3559,18213,2879,20599,13506,821,9427,10295,2345,5332,884,4776,4712,55687,6135,6926,3520,2420
2009-03-31,1304,132,3717,3329,16588,2871,21683,13390,792,9862,9275,2299,5343,876,4786,4832,53180,6062,6668,3356,2412
2009-04-30,1354,136,3674,3353,17880,2824,22677,13909,763,10085,9152,2425,5380,905,5195,5127,53806,6348,6947,3381,2375
2009-05-31,1319,134,3497,3240,17614,2814,21801,13288,755,9853,8798,2356,5321,837,5347,4947,55513,6278,6582,3349,2172
2009-06-30,1284,136,3543,3099,16966,2835,22533,13465,724,9977,8677,2207,5349,844,5418,4935,53386,6660,6969,3426,2144
2009-07-31,1280,129,3485,3086,17402,2930,20896,13082,780,10679,8841,2108,5434,787,4874,4807,57463,7028,6971,3372,2002
2009-08-31,1322,135,3440,3082,17060,3019,21493,13452,787,10390,8796,2179,5556,810,4792,4988,55084,7175,6709,3276,1891
2009-09-30,1298,131,3557,2964,17048,2788,20622,13392,787,10478,8528,2283,5453,786,4659,4854,56040,7339,7059,3068,1768
2009-10-31,1332,124,3699,3013,16769,2873,20981,13778,787,10525,8206,2213,5682,799,4717,4941,54563,7053,6659,3094,1817
2009-11-30,1354,125,3980,3027,17777,2863,22068,14294,820,10464,8607,2293,5988,805,4813,5275,57426,6752,6491,3148,1913
2009-12-31,1367,119,4110,2981,16458,2880,22001,14808,846,10296,8205,2323,6200,773,4680,5164,62314,7015,6038,3234,1922
2010-01-31,1320,116,4266,2875,16390,2571,23668,15649,793,10493,8626,2294,6707,776,4930,4998,64509,6966,6251,3261,2058
2010-02-28,1258,114,4288,2793,15299,2674,23532,15844,745,9936,8233,2106,6959,722,4770,4856,61837,6459,6188,3282,1951
2010-03-31,1311,112,4369,2916,16582,2859,23749,16626,740,9203,8212,2158,6876,733,4673,4929,64079,6813,6306,3344,1951
2010-04-30,1284,102,4217,2892,14665,2797,21819,15571,752,9347,8233,2125,6384,702,4531,4804,60624,6575,6270,3079,1803
2010-05-31,1274,98,4292,2781,15118,2824,22645,16352,790,9433,8161,2263,6671,693,4500,5155,61014,6539,5868,3045,1744
2010-06-30,1250,92,4318,2631,15694,2731,22731,15654,826,9149,8547,2131,6533,675,4348,4788,59830,7039,5697,3063,1738
2010-07-31,1155,86,4425,2588,15279,2696,22334,15293,753,9354,8191,2068,6259,630,4440,4851,61315,7038,5644,2955,1701
2010-08-31,1176,90,4183,2542,14927,2489,20622,14095,706,8887,7910,1917,5949,624,4320,4289,62996,6277,5838,2937,1631
2010-09-30,1231,90,4399,2535,14937,2418,19626,13982,678,9243,7520,1846,6040,657,4107,4320,67949,6218,6010,2942,1593
2010-10-31,1212,86,4464,2613,14849,2335,19400,13968,678,8975,7390,1936,6077,681,3943,4274,64299,6261,5840,3068,1606
2010-11-30,1217,80,4348,2550,14157,2250,20021,13142,690,9112,7424,1978,5783,650,3864,4062,68398,6322,5916,2704,1594
2010-12-31,1188,78,4298,2505,14430,2366,18960,13350,689,9225,7553,2054,5882,642,3955,3932,70141,6591,5801,2805,1623
2011-01-31,1148,71,4287,2450,13822,2344,19209,13682,654,9099,7731,1896,5837,620,4008,4133,67710,6712,5169,2720,1685
2011-02-28,1157,71,4573,2402,13818,2340,18986,13956,633,9178,7570,2008,6107,614,4084,4352,65740,7074,5159,2881,1783
2011-03-31,1152,69,4517,2440,13256,2236,19580,13750,628,9727,7335,1932,6165,592,4291,4487,67499,7305,4871,2936,1788
2011-04-30,1154,67,4893,2523,13557,2197,20705,13846,627,9570,7664,2099,6209,601,4243,4369,70985,7417,5083,3048,1744
2011-05-31,1198,67,5019,2499,12660,2196,20141,13737,638,8974,7903,2060,5690,601,4125,4577,71748,7519,5057,3073,1637
2011-06-30,1253,64,5216,2704,12194,2162,20660,14309,679,9320,7918,2224,5610,592,3909,4677,73725,7263,4838,3038,1647
2011-07-31,1281,66,5125,2656,12580,2243,20804,15137,691,9215,7657,2158,5477,584,4029,4895,77070,7657,5312,3312,1660
2011-08-31,1264,61,5249,2617,12527,2325,20460,15500,704,9202,7949,1986,5352,569,3851,4904,77374,7361,5189,3135,1648
2011-09-30,1312,57,5373,2408,12624,2177,19274,14772,685,9108,7618,1986,5000,596,3657,4602,75861,7054,4924,3144,1586
2011-10-31,1352,56,5660,2501,13409,2119,19506,15227,735,9448,7378,2095,5310,595,3443,4500,70029,6723,4850,3155,1502
2011-11-30,1407,57,5514,2592,14592,2116,20566,15750,807,9771,7754,2062,5669,574,3673,4670,71926,6871,5112,3291,1469
2011-12-31,1371,54,5222,2616,13843,1978,20967,15003,789,8854,7048,2057,5315,601,3863,,69666,7050,5214,3276,1386
2012-01-31,1395,55,5248,2594,14259,2029,19805,15470,803,8540,7348,2020,4931,624,3887,,72373,7398,5135,3255,1462
2012-02-29,1297,54,5289,2662,14135,2038,20065,15035,781,8745,7287,1925,4822,600,3726,,66735,6757,4765,3392,1508
2012-03-31,1282,55,5126,2691,14015,2037,19419,14569,782,8102,7091,1858,5106,621,3861,,65061,7100,4613,3229,1491
2012-04-30,1248,56,4868,2677,14123,1837,18273,14237,787,7925,6816,1755,4959,632,3793,,65165,6929,4868,2935,1496
2012-05-31,1333,55,4860,2599,13855,1905,18422,14797,798,7867,6768,1771,4783,636,3652,,63728,7170,4840,2916,1475
2012-06-30,1292,51,4982,2629,13119,1856,17457,14156,814,7451,6575,1841,4642,597,3479,,61163,6853,4468,2696,1588
2012-07-31,1321,51,5101,2542,13835,1750,16920,14729,820,7962,6524,1790,4671,624,3584,,57753,6621,4376,2769,1492
2012-08-31,1252,51,4903,2696,14377,1772,17461,15023,778,8113,6689,1789,4529,602,3410,,54758,6453,4391,2749,1442
2012-09-30,1284,50,5002,2811,13738,1876,18214,15248,724,7972,6915,1940,4603,644,3409,,52234,6601,4522,2827,1499
2012-10-31,1302,49,5368,2766,13329,1776,18054,14690,704,8056,6590,1961,4521,685,3337,,50141,6907,4702,2829,1523
2012-11-30,1263,49,5501,2496,13907,1647,18247,14314,635,7998,6735,1848,4381,677,3242,,50913,6914,4619,2763,1495
2012-12-31,1369,48,5546,2691,14022,1651,18522,14005,650,8346,7012,1882,4218,708,3294,,51128,7376,4757,2889,1582
2013-01-31,1448,48,5692,2820,14915,1637,18657,13885,629,8407,6941,1922,4253,739,3100,,48633,7290,4748,3056,1582
2013-02-28,1521,49,5418,2860,16103,1612,19008,13526,629,8213,7253,1974,4411,751,3071,,50836,7787,4890,3117,1628
2013-03-31,1499,48,5342,2813,15942,1562,18925,13599,641,7918,7288,1976,4376,808,3108,,49868,7693,5047,3004,1600
2013-04-30,1502,49,5115,2776,16207,1612,18351,13179,637,7834,7760,2046,4125,791,3044,,53070,7302,5510,2841,1596
2013-05-31,1545,46,5269,2891,16177,1591,17784,13254,595,7906,8053,2048,3817,834,3069,,51216,7357,5852,2654,1529
2013-06-30,1505,44,5223,3017,16572,1683,17976,12154,595,7306,8019,2065,3768,880,2864,,51728,7322,6125,2761,1497
2013-07-31,1499,44,5471,3003,16253,1694,18023,12122,620,6871,7969,2120,3638,917,2745,,49449,7585,6372,2923,1514
2013-08-31,1578,42,5320,2926,17223,1644,18534,11496,687,6828,7767,2102,3611,970,2816,,52453,7466,6722,2790,1471
2013-09-30,1572,42,5415,3106,17581,1639,18749,11354,730,7103,8340,2200,3716,1019,2877,,55332,7992,6742,2914,1457
2013-10-31,1718,43,5206,3091,18079,1568,19289,11124,720,7104,9038,2203,3968,1075,2938,,57160,7752,7338,3032,1564
2013-11-30,1802,42,5340,3138,18591,1594,18591,10371,726,6840,8734,2216,3887,1088,2916,,56795,7712,7326,3073,1568
2013-12-31,1695,41,5294,3147,17836,1552,19653,9817,689,6994,8854,2339,3592,1077,2862,,57263,7644,7029,3050,1499
2014-01-31,1838,41,5448,3111,17854,1622,20056,9933,659,7089,9114,2315,3662,1080,2974,,56687,7528,7085,2908,1468
2014-02-28,1911,43,5700,3008,17807,1671,19017,9850,682,6935,9281,2391,3754,1078,2961,,55952,7803,7426,3148,1508
2014-03-31,1804,43,5549,2854,18072,1767,19998,9782,720,6832,9577,2463,3869,1003,2787,,59350,7972,7308,3049,1415
2014-04-30,1815,44,5639,2802,17301,1643,17715,8967,702,6052,8982,2342,3682,994,2659,,58605,7857,7051,2913,1396
2014-05-31,1777,45,5810,2739,18604,1692,19618,8909,700,5815,9343,2449,3788,1044,2839,,59039,8304,7042,2965,1472
2014-06-30,1722,44,5418,2815,18380,1624,19067,8645,716,5808,9467,2514,3742,1050,2813,,59201,8484,7135,2835,1466
2014-07-31,1614,45,5410,2610,17632,1574,18429,8211,643,5537,9270,2413,3670,1022,2658,,57939,8590,6947,2869,1476
2014-08-31,1568,43,5305,2525,17146,1490,18051,8159,627,5435,9696,2484,3655,988,2553,,56973,8714,6841,2814,1368
2014-09-30,1459,43,5210,2535,17133,1436,18315,7955,645,5396,9833,2319,3715,1021,2522,,57453,8188,6670,2797,1222
2014-10-31,1424,45,5323,2579,17764,1503,18475,8609,678,5461,9990,2278,3890,1109,2525,,58963,8387,7087,2664,1204
2014-11-30,1451,48,5652,2663,17400,1509,20136,8243,707,5787,10558,2364,3881,1131,2805,,63634,8679,6804,2800,1106
2014-12-31,1337,45,5153,2688,16526,1416,20033,8511,729,6154,10384,2298,3744,1110,2683,,57923,8694,6840,2720,1038
2015-01-31,1304,42,4832,2631,16609,1453,19717,8309,709,5753,10245,2170,3339,1067,2558,,55762,8455,6658,2667,969
2015-02-28,1229,39,4259,2630,16160,1455,19256,8700,726,5277,10022,2190,3117,1067,2424,,55466,8553,6448,2695,908
2015-03-31,1249,40,4358,2512,16566,1426,18561,8275,769,5734,9868,2240,3052,1059,2351,,55133,7986,6197,2581,917
2015-04-30,1238,43,4692,2551,16424,1464,18626,8641,791,5783,10602,2385,3281,1148,2335,,55131,8820,6622,2483,993
2015-05-31,1256,40,4722,2518,16599,1474,18813,8262,809,6323,10315,2370,3381,1167,2418,,53867,8442,6968,2543,1046
2015-06-30,1338,40,4955,2501,17251,1485,19716,8644,809,6602,10731,2383,3329,1241,2561,,56801,8730,6619,2504,1042
2015-07-31,1292,42,4898,2453,17913,1476,20529,8648,887,6649,10762,2310,3210,1346,2639,,54903,8763,6727,2699,1037
2015-08-31,1247,41,5176,2379,17150,1495,19455,8427,872,6713,10442,2322,3253,1194,2569,,55149,8867,6960,2651,964
2015-09-30,1288,42,5647,2467,16762,1560,19700,8738,884,6690,11069,2363,3324,1276,2499,,51930,9149,7235,2723,1003
2015-10-31,1274,39,5664,2427,17125,1455,19496,8884,905,6716,10542,2372,3284,1185,2364,,52517,9288,7286,2634,979
2015-11-30,1255,36,5818,2326,16972,1558,20348,8492,867,6942,10924,2449,3251,1221,2353,,51296,9217,7362,2727,982
2015-12-31,1297,35,6297,2430,18645,1598,19800,8333,877,7146,10862,2664,3274,1289,2414,,54841,9743,7627,2731,1007
2016-01-31,1247,33,6504,2535,18305,1562,19244,8228,864,7227,10838,2703,3438,1310,2671,,51774,9972,8435,2676,978
2016-02-29,1307,32,6606,2768,18380,1616,20383,8758,871,7477,11262,2887,3580,1457,2729,,57499,10403,8905,2844,1001
2016-03-31,1431,,6938,2928,18639,1670,20529,8948,866,7227,11175,2886,3657,1453,2685,,59837,10233,9351,3031,1013
2016-04-30,1401,,7233,2858,17834,1669,20133,9252,875,7421,11497,3051,3868,1431,2737,,57370,10794,9458,3080,1025
2016-05-31,1415,,6982,2894,18545,1629,21090,9375,870,7565,11391,3093,4011,1508,2885,,58015,11069,8968,3208,976
2016-06-30,1339,,6795,2838,18537,1689,22627,9326,827,7353,12314,3208,3800,1509,2826,,61095,11241,8977,3131,937
2016-07-31,1385,,6447,2890,17587,1786,21529,9389,817,7475,12799,3235,3730,1507,2793,,63001,11307,9076,3120,960
2016-08-31,1457,,6248,3014,17713,1880,21940,9657,870,7862,13413,3153,3824,1533,2720,,63469,11471,9030,3054,1020
2016-09-30,1431,,6170,2954,17492,1867,23262,9676,888,7780,12905,3281,3683,1629,2722,,63759,11469,9545,3061,1050
2016-10-31,1466,,6576,2881,17635,1993,24610,10007,898,7695,13383,3465,3423,1705,2924,,64471,12384,9669,3067,1056
2016-11-30,1426,,6447,2889,17841,1924,24601,9770,832,8212,12689,3239,3514,1685,2890,,62598,12463,9733,3069,1046
2016-12-31,1416,,6478,3019,17428,1899,23828,9903,801,8020,12513,3318,3470,1597,2961,,61436,12584,9757,3065,1064
2017-01-31,1478,,6289,3154,18414,1831,22380,10371,871,8089,12884,3429,3498,1639,2868,,65323,12804,9667,3002,1110
2017-02-28,1451,,6099,3173,18571,1768,21806,9938,876,7892,12394,3563,3357,1670,2702,,64377,12264,9146,2967,1152
2017-03-31,1442,,6279,3234,19000,1777,22714,10348,888,7987,12828,3489,3250,1653,2680,,61785,12058,9273,2833,1157
2017-04-30,1436,,6538,3267,17618,1739,23047,10545,873,7900,12795,3362,3312,1577,2535,,62087,12267,9480,2863,1174
2017-05-31,1443,,6557,3445,17727,1761,23395,10678,876,8015,12709,3320,3307,1565,2571,,66403,12938,9792,2769,1241
2017-06-30,1469,,6218,3508,18242,1929,23196,10769,870,8046,12344,3579,3370,1627,2571,,65721,12985,10333,2765,1255
2017-07-31,1551,,6213,3727,18846,1988,24274,10577,872,8285,11905,3576,3328,1649,2710,,69676,12651,10562,2885,1309
2017-08-31,1508,,6072,3703,18015,1952,24684,10510,861,8752,11752,3657,3305,1594,2800,,73533,12717,10277,2980,1299
2017-09-30,1390,,6251,3474,17344,1815,24108,9940,856,8607,12315,3409,3175,1609,2562,,69823,12126,9984,2845,1280
2017-10-31,1392,,6398,3528,18402,1929,24846,10239,849,8645,12488,3508,3345,1616,2510,,70206,12700,9676,2936,1365
2017-11-30,1449,,6332,3364,17542,1811,23431,10510,814,8063,12716,3441,3270,1644,2497,,71884,12149,9356,2925,1326
2017-12-31,1592,,6368,3529,17731,1846,22436,11277,840,8250,13332,3242,3262,1768,2629,,73710,12763,10047,3176,1245
2018-01-31,1558,,6334,3641,17796,1864,21003,11433,831,8461,14135,3435,3228,1752,2660,,77444,11692,10158,3177,1207
2018-02-28,1536,,6304,3727,16988,1798,21165,11040,828,7955,14229,3627,3058,1751,2677,,76240,11636,10742,3164,1252
2018-03-31,1492,,6436,3781,17211,1803,19831,10949,814,7860,13427,3486,2955,1733,2510,,71316,11229,10203,3039,1287
2018-04-30,1540,,6432,3679,17065,1846,20437,11355,855,8001,13607,3442,2895,1764,2784,,70901,11694,9958,3171,1354
2018-05-31,1617,,6788,3730,16675,1871,21403,11363,922,8337,13127,3330,3126,1798,2886,,74777,11106,9761,3340,1393
2018-06-30,1653,,6810,3788,16150,1962,20813,10547,863,8522,11995,3182,2778,1756,2905,,69410,9885,9768,3431,1306
2018-07-31,1747,,6636,3662,16510,1923,21413,11187,892,8272,11783,3104,2805,1793,3022,,75863,9215,10035,3427,1388
2018-08-31,1832,,7281,3901,16880,2011,21752,11172,984,8250,11855,3167,2762,1917,3154,,79970,9683,10217,3658,1406
2018-09-30,1885,,6524,3869,16821,1938,21050,11109,967,8113,11649,3217,2650,1960,2911,,77874,9397,9720,3874,1331
2018-10-31,1908,,6957,3923,17659,2053,21359,11135,1021,8722,11717,3314,2800,1987,2859,,76571,9998,9753,4056,1308
2018-11-30,1992,,7279,3839,18894,2021,22278,10798,1020,8778,11726,3591,2898,,2940,,79225,9978,9618,3983,1330
2018-12-31,2106,,7481,3783,19691,2029,20295,10966,1027,8855,11979,3691,3041,,2934,,81776,10186,9275,3812,1436
2019-01-31,2153,,7648,3944,19784,2043,20253,11282,1020,8720,10905,3444,3086,,2962,,81561,10353,9164,3667,1300
2019-02-28,2223,,7602,4006,20060,2213,20811,11799,980,8752,10409,3465,3143,,3003,,85751,10918,9618,3761,1312
2019-03-31,2222,,7085,3729,19112,2140,20244,12040,894,8263,9880,3338,3025,,2986,,87844,10952,9592,3788,1273
2019-04-30,2335,,6975,3723,19580,2191,20458,12755,895,8295,9245,3373,3071,,3098,,91377,11052,9586,4022,1315
2019-05-31,2409,,6765,3596,19410,2302,20850,13602,962,8077,8800,3261,3126,,2954,,90111,11286,10473,3883,1284
2019-06-30,2520,,7016,3462,19763,2223,19775,13183,944,8691,8787,3228,2991,,2962,,96871,12178,10943,3850,1230
2019-07-31,2651,,7061,3686,20396,2417,20234,12789,997,8951,8710,3322,2946,,3256,,95567,12751,10602,3779,1254
2019-08-31,2648,,7332,3486,21410,2446,19213,12966,1009,9174,8966,3488,3068,,3267,,97889,13281,10727,4129,1349
2019-09-30,2690,,7540,3640,20558,2312,19336,12485,1023,9709,9043,3477,3065,,3251,,97122,12800,10612,4103,1377
2019-10-31,2542,,7304,3537,20229,2322,18705,12498,1009,9050,9070,3275,3037,,3338,,86958,12646,9629,4063,1301
2019-11-30,2561,,7583,3706,21731,2420,19648,13303,1037,9236,9280,3197,3194,,3443,,82846,11904,10376,4202,1274
2019-12-31,2552,,8006,3596,21083,2401,19460,13150,1013,9592,9334,3186,3232,,3333,,83093,11551,10867,4115,1204
